,model_clstr,fitness,precision
0,cluster1-medoid0,0.9998221353916331,0.110987472000726
1,cluster1-medoid1,0.9999355309192611,0.2517821076393014
2,cluster1-medoid2,0.9999152346881425,0.14906634301840993
3,cluster2-medoid0,0.999843469365402,0.14188244537283423
4,cluster2-medoid1,0.9999350741851597,0.24834895245571853
5,cluster2-medoid2,0.9998342839787929,0.19401448594996984
6,cluster3-medoid0,0.9998358298361105,0.1607910576096303
7,cluster3-medoid1,0.9998253657403738,0.09425485730552985
8,cluster3-medoid2,0.9999351084575286,0.24644376677683832
9,cluster0-medoid0,0.9999458024235377,0.2365308804204993
10,cluster0-medoid1,0.9998454533828129,0.13112533858655506
11,cluster0-medoid2,0.9998264849645386,0.10794711268921697
