,model_clstr,fitness,precision,f1_score,num_traces,num_variants,perc_variants,coverage
0,complete,0.999753368097854,0.28227185265285737,0.4402444364451224,249976,10625,1.0,1
1,cluster0-medoid0,0.9997471465712308,0.28803457641814034,0.4472213586312339,243461,8788,1.0,1
2,cluster0-medoid1,0.9997342407787235,0.14632876749694268,0.25529116326290985,1430,1288,1.0,1
3,cluster1-medoid0,0.9997124781465295,0.22258821618201563,0.36410715994525233,3352,458,1.0,1
4,cluster1-medoid1,0.9997448677506258,0.08955999688125371,0.16439318347862827,120,83,1.0,1
5,cluster1-medoid2,0.9997483887104333,0.2046425643088864,0.3397419640466173,1329,249,1.0,1
6,cluster1-medoid3,0.9998767186111164,0.16896605177491864,0.28908117616124523,32,29,1.0,1
7,cluster1-medoid4,0.9997868077334713,0.14689988623435724,0.25616163349110715,151,106,1.0,1
8,cluster1-medoid5,0.9997807027245952,0.09664307854260479,0.17624915954873252,101,100,1.0,1
