model_clstr,fitness,precision,f1_score,num_traces,num_variants,perc_variants,coverage
complete,0.9831689085332735,0.33251948987422364,0.4969608675145074,249976,10625,1.0,1
cluster0-medoid0,0.9840874548916086,0.33933019329621417,0.5046488336406962,243461,8788,1.0,1
cluster0-medoid1,0.8671764564008122,0.16430226233405187,0.2762617415979926,1430,1288,1.0,1
cluster1-medoid0,0.8943131334501487,0.3465267828672287,0.4995059377685666,3352,458,1.0,1
cluster1-medoid1,0.9646233135430642,0.1894394213381555,0.31668587296634315,120,83,1.0,1
cluster1-medoid2,0.9319983654946212,0.3235790090171963,0.4803767790569689,1329,249,1.0,1
cluster1-medoid3,0.9577516536982706,0.33357531760435577,0.4948124203527162,32,29,1.0,1
cluster1-medoid4,0.9997868077334713,0.14689988623435724,0.25616163349110715,151,106,1.0,1
cluster1-medoid5,0.8888801012224345,0.14856337683023957,0.25457778130271347,101,100,1.0,1
