model_clstr,fitness,precision,f1_score,num_traces,num_variants,perc_variants,coverage
complete,0.9831689085332735,0.33251948987422364,0.4969608675145074,249976,10625,1.0,1
cluster0-medoid0,0.9840874548916086,0.33933019329621417,0.5046488336406962,243461,8788,1.0,1
cluster0-medoid1,0.8669898031163701,0.18119812310043903,0.29974954136117615,1430,1288,1.0,1
cluster1-medoid0,0.9572037448471027,0.2914551872506631,0.4468506003040466,3352,458,1.0,1
cluster1-medoid1,0.9646233135430642,0.1894394213381555,0.31668587296634315,120,83,1.0,1
cluster1-medoid2,0.9947326261785481,0.2442012862324362,0.39213550349502385,1329,249,1.0,1
cluster1-medoid3,0.9998667919240211,0.16896605177491864,0.28908076127910604,32,29,1.0,1
cluster1-medoid4,0.9997868077334713,0.14689988623435724,0.25616163349110715,151,106,1.0,1
cluster1-medoid5,0.9634838966809653,0.11780845408556972,0.20994608594772687,101,100,1.0,1
